[
    {
        "id": 1,
        "titulo": "O labirinto do Logcat",
        "capa": "https://caelum-online-public.s3.amazonaws.com/2802-react-praticando/img2.png",
        "link": "https://www.youtube.com/embed/ypvGqZGJBls"
    },
    {
        "id": 2,
        "titulo": "Um componente no espaço",
        "capa": "https://caelum-online-public.s3.amazonaws.com/2802-react-praticando/img1.png",
        "link": "https://www.youtube.com/embed/jK0uiQ1ZQQQ"
    },
    {
        "id": 3,
        "titulo": "O poderoso JavaScript",
        "capa": "https://caelum-online-public.s3.amazonaws.com/2802-react-praticando/img4.png",
        "link": "https://www.youtube.com/embed/N1BSG02z-Mw"
    },
    {
        "id": 4,
        "titulo": "Dart, o Caçador de Andróides",
        "capa": "https://caelum-online-public.s3.amazonaws.com/2802-react-praticando/img3.png",
        "link": "https://www.youtube.com/embed/LLmBWjF6F8M"
    }
]