[
  {
    "id": "1",
    "src": "/assets/x-diamond.svg",
    "alt": "ícone de um uma figura que lembra um diamante",
    "titulo": "PAGUE PELO PIX",
    "descricao": "Ganhe 5% OFF em pagamentos via PIX"
  },
  {
    "id": "2",
    "src": "/assets/arrow-repeat.svg",
    "alt": "ícone de duas setar que representam um ciclo",
    "titulo": "TROCA GRÁTIS",
    "descricao": "Fique livre para trocar em até 30 dias."
  },
  {
    "id": "3",
    "src": "/assets/flower-1.svg",
    "alt": "ícone de um uma figura que lembra uma flor",
    "titulo": "SUSTENTABILIDADE",
    "descricao": "Moda responsável, que respeita o meio ambiente."
  }
]
